train,val
"[0.2282718689483733, 0.20224108330615947, 0.20051581914591887, 0.20019710073076144, 0.19941463073094687]","[0.23657532185316085, 0.23906349675221877, 0.24070442495020952, 0.24063796414570374, 0.2412603722377257]"
"[0.19947725082680978, 0.1992579946382036, 0.19884644192786305, 0.19914259459891934, 0.19879244718936812]","[0.24111787487160075, 0.24040842191739517, 0.24154243130575526, 0.24206690910187634, 0.24355579032139343]"
"[0.19823751195594821, 0.1982054385929873, 0.19793125297607575, 0.1974953567658709, 0.19733118836468957]","[0.24486218000000173, 0.23990474478764967, 0.2433482905680483, 0.24568217979236082, 0.2445844826373187]"
"[0.1970972528715441, 0.19646190803932265, 0.19617102533609346, 0.19570444935669928, 0.195814302179711]","[0.24337136311964555, 0.24167099540883843, 0.24282056892460044, 0.24423149675130845, 0.24324381906877865]"
"[0.19597022182828078, 0.19627417793882163, 0.19511126013804067, 0.1951225331559747, 0.19506069431214731]","[0.2450132578611374, 0.24604573845863342, 0.2427681177854538, 0.24319073124365373, 0.24642870371991937]"
