train,val
"[0.2282718689483733, 0.20224108330615947, 0.20051581914591887, 0.20019710073076144, 0.19941463073094687]","[0.23657532185316085, 0.23906349675221877, 0.24070442495020952, 0.24063796414570374, 0.2412603722377257]"
"[0.19947725084204615, 0.19925799422682186, 0.1988464412803177, 0.19914259444655572, 0.1987924471969863]","[0.24111787338148463, 0.24040842164646495, 0.24154243103482506, 0.24206690652803942, 0.24355579005046324]"
"[0.19823751220734817, 0.19820543952240535, 0.19793125254945765, 0.19749535729152537, 0.19733118872274408]","[0.2448621783744205, 0.23990474383939397, 0.24334828934886238, 0.24568217870864, 0.24458448114720258]"
"[0.1970972533362531, 0.19646190739939548, 0.19617102541227527, 0.19570444935669928, 0.19581430267489272]","[0.24337136217138983, 0.24167099364779213, 0.24282056865367022, 0.24423149607398292, 0.24324381852691823]"
"[0.19597022104360817, 0.19627417733698535, 0.1951112605113315, 0.19512253256937478, 0.19506069492921996]","[0.2450132593512535, 0.24604573737491262, 0.24276811494068665, 0.243190730295398, 0.2464286989786408]"
