train,val
"[0.19419395381200044, 0.19307990541304548, 0.19282185407412564, 0.19267974745154626, 0.1925424984322979]","[0.24728150435469368, 0.24791024178266524, 0.24787299958142367, 0.2468743851239031, 0.24818203029307453]"
