train,val
"[0.19419395381200044, 0.19307990541304548, 0.19282185407412564, 0.19267974745154626, 0.1925424984322979]","[0.24728150435469368, 0.24791024178266524, 0.24787299958142367, 0.2468743851239031, 0.24818203029307453]"
"[0.19351557284166965, 0.19315798611119236, 0.19288879928535235, 0.19329546947329324, 0.19321246895413458]","[0.24769815910946238, 0.24685923104936427, 0.24682880301367152, 0.2474005174907771, 0.2489945488897237]"
