train,val
"[0.19419395381200044, 0.19307990541304548, 0.19282185407412564, 0.19267974745154626, 0.1925424984322979]","[0.24728150435469368, 0.24791024178266524, 0.24787299958142367, 0.2468743851239031, 0.24818203029307453]"
"[0.1931948964931604, 0.19288607431548993, 0.19263026146465773, 0.19301044080094082, 0.19292064232024192]","[0.24833545739000493, 0.2473506970839067, 0.2474507132714445, 0.2477805358442393, 0.249532342905348]"
