train,val
"[0.23006115246617478, 0.20482646299103285, 0.2033764249464242, 0.20232030494111936, 0.20224138736298236]","[0.21356905874880877, 0.21573192619464615, 0.21643252982334657, 0.21730260909958318, 0.21790825582363388]"
"[0.20215404987457097, 0.20144959958174966, 0.20181830704273135, 0.2014001041102263, 0.20026797363972615]","[0.21688549450852654, 0.21736977554180406, 0.21717237457633018, 0.21793971332636747, 0.2176815870810639]"
"[0.20079455972632015, 0.20043532438347675, 0.20010644717023904, 0.199611724344804, 0.19882446209041132]","[0.21795778274536132, 0.21801096885041757, 0.217889830944213, 0.2201019677248868, 0.22020838389342481]"
"[0.1993276820516172, 0.19890261756861868, 0.19812777003079104, 0.19778187889872398, 0.19790304616733562]","[0.21725253036076372, 0.21837188675999641, 0.2209753400900147, 0.22225874425335365, 0.22209021963856437]"
"[0.19823783289465924, 0.19743111439369207, 0.1975752377772136, 0.19741234139126015, 0.1965848938209635]","[0.21946940618482502, 0.21881503462791443, 0.21892033408988607, 0.22091264968568627, 0.2234895704822107]"
