train,val
"[0.19675697673470208, 0.19597328203617917, 0.19566328926411874, 0.1949193887412548, 0.19492250153745366]","[0.22422805279493332, 0.22129496654326267, 0.2213298146697608, 0.22340576838363302, 0.2227041186256842]"
"[0.1961042033641738, 0.19527904370872035, 0.19568121094249022, 0.19545194249912518, 0.1944091365366016]","[0.22167207381942056, 0.2210957794026895, 0.22167765498161315, 0.22341112941503524, 0.222039503400976]"
