train,val
"[0.19675697673470208, 0.19597328203617917, 0.19566328926411874, 0.1949193887412548, 0.19492250153745366]","[0.22422805279493332, 0.22129496654326267, 0.2213298146697608, 0.22340576838363302, 0.2227041186256842]"
"[0.19547796964736805, 0.19479931616710008, 0.1951814195205951, 0.1950459366850936, 0.19403086885322335]","[0.22225924621928822, 0.22190548174760558, 0.22213013923980973, 0.22403117858550764, 0.2226548482748595]"
