train,val
"[0.23006115246617478, 0.20482646299103285, 0.2033764249464242, 0.20232030494111936, 0.20224138736298236]","[0.21356905874880877, 0.21573192619464615, 0.21643252982334657, 0.21730260909958318, 0.21790825582363388]"
"[0.20215404956984373, 0.20144959920084063, 0.2018183061590224, 0.20140010479586257, 0.20026797415014425]","[0.21688549545678226, 0.21736977405168795, 0.2171723757955161, 0.2179397123103792, 0.21768158721652897]"
"[0.20079455919304753, 0.2004353244825131, 0.20010644726165722, 0.19961172447431308, 0.19882446128288417]","[0.21795778111978012, 0.21801096959547564, 0.2178898299959573, 0.22010196576064284, 0.22020838362249462]"
"[0.1993276810688719, 0.19890261791143682, 0.19812776872046398, 0.1977818790053785, 0.19790304710437184]","[0.21725252690640362, 0.21837188587947326, 0.22097534212199124, 0.2222587462175976, 0.22209021984176203]"
"[0.19823783331365916, 0.19743111468318295, 0.19757523831048626, 0.19741234110176928, 0.19658489423996345]","[0.21946940659122033, 0.2188150328668681, 0.21892033436081626, 0.22091264948248862, 0.22348957217552445]"
