train,val
"[0.19675697673470208, 0.19597328203617917, 0.19566328926411874, 0.1949193887412548, 0.19492250153745366]","[0.22422805279493332, 0.22129496654326267, 0.2213298146697608, 0.22340576838363302, 0.2227041186256842]"
