train,val
"[0.23215050423224523, 0.20682355056084495, 0.20564170812536603, 0.20400775498224913, 0.20405827173182325]","[0.20218962674791163, 0.20414158336140892, 0.2049587221308188, 0.20433029396967453, 0.20536065724763003]"
"[0.20396572336219326, 0.20338253092576877, 0.20286385116980607, 0.20238673389872158, 0.20221233356492652]","[0.20574332705952905, 0.20545827787030826, 0.20571010600436818, 0.20634549341418526, 0.20680197978561574]"
"[0.20200707799238904, 0.20143764993225383, 0.20125382974103917, 0.20136560549186294, 0.20148470472917723]","[0.20682429264892233, 0.20594282583756882, 0.20757220780307598, 0.20688756758516486, 0.20663332668217746]"
"[0.2013546742178911, 0.20025128413349816, 0.2000027755789596, 0.19938352998871745, 0.1992013693952853]","[0.20696750459345906, 0.2073184692046859, 0.20981727648865092, 0.2090495156970891, 0.20756846855987202]"
"[0.19960897385403667, 0.19910940317654172, 0.19913883078348174, 0.19903830092225094, 0.19812313049026062]","[0.20688951516693288, 0.20705116079612212, 0.2125515192747116, 0.20878943787379697, 0.21147808866067366]"
