train,val
"[0.23215050423224523, 0.20682355056084495, 0.20564170812536603, 0.20400775498224913, 0.20405827173182325]","[0.20218962674791163, 0.20414158336140892, 0.2049587221308188, 0.20433029396967453, 0.20536065724763003]"
"[0.2039657231945933, 0.20338252987445984, 0.20286385176402416, 0.20238673357113982, 0.20221233405249006]","[0.20574332692406394, 0.2054582800377499, 0.20571010451425206, 0.20634549395604568, 0.20680198168212718]"
"[0.20200707873135257, 0.20143764998558109, 0.2012538300762391, 0.20136560533949935, 0.20148470456157724]","[0.2068242927843874, 0.20594282475384798, 0.20757220820947128, 0.20688756772062994, 0.20663332451473582]"
"[0.20135467458356376, 0.2002512842401527, 0.20000277582274137, 0.1993835301639356, 0.19920137028661242]","[0.2069675086574121, 0.20731847001747652, 0.20981727824969726, 0.20904951705174013, 0.20756847154010427]"
"[0.1996089742654184, 0.19910940351935982, 0.19913883113391803, 0.19903830101366912, 0.1981231305816788]","[0.2068895161151886, 0.20705116215077313, 0.21255151968110692, 0.2087894381447272, 0.21147808893160386]"
