train,val
"[0.19956241408648667, 0.1983926778084052, 0.1986688539949541, 0.19757579372917705, 0.19773360996950867]","[0.20885225195776333, 0.20934343229640615, 0.21080424690788443, 0.20762761790644038, 0.21185458884997801]"
"[0.19871005340496456, 0.19805289945109977, 0.19760146461320557, 0.1974380597898809, 0.19740354519619288]","[0.21053093184124338, 0.210467867417769, 0.20973791764541105, 0.21006757048043337, 0.2105474588545886]"
