train,val
"[0.3798627936785374, 0.2146981007188832, 0.21105239205404158, 0.2101125250989144, 0.20975604817407942, 0.2096578098765207, 0.20860698853337437, 0.207976467565659, 0.20728042981493364, 0.20650362435284011]","[0.21621727401560004, 0.203575766899369, 0.2029381042177027, 0.2026394402438944, 0.2025362646037882, 0.20233872532844543, 0.20227253437042236, 0.20228640735149384, 0.20239488915963608, 0.20249448310245166]"
"[0.206202861365922, 0.20515848942306064, 0.2045787771087174, 0.20446352756351505, 0.20394180892804348, 0.2036143267920258, 0.2034368148637474, 0.20327835154095922, 0.20281975025977564, 0.20323855327356846]","[0.2033596716143868, 0.20361048389564862, 0.2039572217247703, 0.2048922045664354, 0.20496545325626025, 0.20573679425499655, 0.20561895858157764, 0.20552732727744363, 0.20575857027010483, 0.20591566102071243]"
"[0.2033306055386132, 0.20293208929376866, 0.20304014417556449, 0.20246988138474456, 0.2031816760197692, 0.2026249666553025, 0.20223743359156704, 0.20229325491354005, 0.2022087801623782, 0.2018181929074296]","[0.20643822848796844, 0.20606159757484088, 0.20595375109802594, 0.2060091956095262, 0.20665474371476608, 0.20659611306407236, 0.20635367929935455, 0.2070379744876515, 0.2064106356013905, 0.20648412270979447]"
"[0.20216688254010787, 0.2021318002851731, 0.20194154369448303, 0.20185711262149547, 0.20172437560667686, 0.20181401361019238, 0.2017217234050462, 0.20182245354586786, 0.2011084116380149, 0.20117909577461557]","[0.206914561715993, 0.20651033249768344, 0.20643120055848901, 0.20642216503620148, 0.20649725740606134, 0.20689331672408365, 0.20664541694250974, 0.2068672694943168, 0.20695343749089676, 0.20700863681056283]"
"[0.201219538483051, 0.20131821520284776, 0.2014241274617134, 0.2016646039048466, 0.20122010226643414, 0.20127492049418458, 0.2008178593642121, 0.200724845085669, 0.20078472834114636, 0.20068689763819406]","[0.20658272640271622, 0.20686681839552792, 0.2067074802788821, 0.20687146484851837, 0.207247025587342, 0.20744439146735452, 0.20734075930985538, 0.20720302923159165, 0.20726364173672415, 0.20753135735338385]"
