train,val
"[0.3809510880927427, 0.21780828366038996, 0.21497887755752704, 0.21397398890705283, 0.2133075657787673, 0.21254010676243984, 0.21176792667546404, 0.21084785037631287, 0.21049564482148633, 0.20946406566221779]","[0.22093249315565283, 0.2085921439257535, 0.20797557180578058, 0.2076629318974235, 0.20754346928813242, 0.2074072171341289, 0.20733655447309668, 0.20761300081556494, 0.2077137611129067, 0.2082574801011519]"
"[0.2089917609177598, 0.20800111873434224, 0.20746552971524929, 0.2065980283355494, 0.20628560860769465, 0.205780571206994, 0.20550828488594894, 0.20606600404332537, 0.2057062917893086, 0.2054732366712815]","[0.20837842334400525, 0.20898051966320386, 0.20966003022410654, 0.2105603665113449, 0.21066612140698868, 0.21111805059693076, 0.21148408272049643, 0.21218126741322604, 0.21198488636450333, 0.2122140716422688]"
"[0.2061436385463137, 0.2057326467485603, 0.20537209907256135, 0.2050851732492447, 0.20489015519072157, 0.20498281300341317, 0.20477164051401506, 0.2051994894212539, 0.20447460623509292, 0.20470874148224472]","[0.2123609401962974, 0.21171299706805835, 0.21193143860860306, 0.21228257363492792, 0.21222731877457013, 0.21233820779757065, 0.21241965619000522, 0.21237585625865243, 0.21243207969448782, 0.21255176717584784]"
"[0.20482005014878893, 0.20470200014223747, 0.2050319387825257, 0.20465530154355074, 0.20452619159440383, 0.20410258507509843, 0.2040655772210261, 0.20406741519039923, 0.2039382943729742, 0.2037336461997907]","[0.2121859206394716, 0.21229065683755008, 0.21352963691407983, 0.2129790796474977, 0.21257211132483048, 0.21252215044064957, 0.21291151371869174, 0.2129290821877393, 0.21264927902004935, 0.21282760121605612]"
"[0.2043614514650555, 0.20430777502169303, 0.20401067471285478, 0.20386186173749626, 0.2041600708841184, 0.20376275479793549, 0.20357673622052605, 0.20363280573569306, 0.20300964040493746, 0.2033642795654612]","[0.21285139295187863, 0.21294831281358545, 0.21339509839361365, 0.2132033570246263, 0.21305658194151791, 0.21362335167147897, 0.21392161602323706, 0.21341943605379624, 0.2132480889558792, 0.2137094559994611]"
