train,val
"[0.23537902163764451, 0.20900240206828147, 0.2074320013720565, 0.20673395579791265, 0.2071182995135677]","[0.2065998378125104, 0.2090238087556579, 0.21186710474166004, 0.21114969131621447, 0.21093219965696336]"
"[0.20629978573791577, 0.20617376536831777, 0.20630658785898262, 0.20469894335588062, 0.20460310958493463]","[0.20940457054159858, 0.21077190935611725, 0.21019631800326435, 0.2117519205266779, 0.213695928318934]"
"[0.20523461486176722, 0.20420868667356806, 0.20434036399171152, 0.20370218253757325, 0.20372100850921468]","[0.21100006117062134, 0.21101812435822054, 0.2122571190649813, 0.21125141111287205, 0.21054233759641647]"
"[0.20353170664855308, 0.2028070861028016, 0.20291550823912055, 0.2029174233811521, 0.20223645936766285]","[0.21224543127146633, 0.21304498667066749, 0.21211993640119378, 0.21294078853997317, 0.21474331522529774]"
"[0.20291062612048444, 0.20188128541400827, 0.20183079862673833, 0.20152980974420204, 0.2015470135461821]","[0.21278809010982513, 0.21508750184015793, 0.2141957945444367, 0.21374686712568455, 0.2130985433405096]"
