train,val
"[0.20227175042155088, 0.2010872125823683, 0.20080122418686414, 0.20052651901765592, 0.201045393791423]","[0.2150586340915073, 0.2139841999519955, 0.2138586941090497, 0.21903436400673607, 0.21643262302333657]"
"[0.2015789614757999, 0.20127507264141167, 0.2013635594847256, 0.20011628237848145, 0.20011312256287211]","[0.2132801670919765, 0.21600013090805573, 0.21372003189542077, 0.21502680710770866, 0.217866688831286]"
