train,val
"[0.23537902163764451, 0.20900240206828147, 0.2074320013720565, 0.20673395579791265, 0.2071182995135677]","[0.2065998378125104, 0.2090238087556579, 0.21186710474166004, 0.21114969131621447, 0.21093219965696336]"
"[0.20629978512084313, 0.2061737648426633, 0.20630658811800076, 0.2046989431730443, 0.20460310867075296]","[0.20940457081252878, 0.21077190935611725, 0.21019631854512474, 0.21175192201679402, 0.2136959265578877]"
"[0.2052346151817308, 0.2042086861098227, 0.20434036303182077, 0.20370218297942772, 0.20372100874537827]","[0.21100005954504014, 0.21101812462915073, 0.21225711771033026, 0.21125141151926735, 0.21054233691909097]"
"[0.20353170629811676, 0.20280708673511058, 0.20291550804866604, 0.20291742210891592, 0.20223645820208122]","[0.21224543154239656, 0.21304498572241176, 0.21211993829770523, 0.2129407890818336, 0.21474331766366958]"
"[0.20291062637950258, 0.20188128458362659, 0.20183079770493847, 0.20152980857100222, 0.2015470130662367]","[0.21278809254819697, 0.21508750251748346, 0.2141957926479253, 0.2137468682094054, 0.2130985433405096]"
