train,val
"[0.23322300604546484, 0.20711742129732982, 0.20534213323047068, 0.20506758223038266, 0.20402645838498337]","[0.21513671258633787, 0.21827793669971554, 0.21823962540789085, 0.2195237919688225, 0.21888682462952352]"
"[0.20379270597195331, 0.20389017257039532, 0.20340557177770113, 0.20311243948669522, 0.20254892613624503]","[0.21915254457430405, 0.22078252780166538, 0.21954183016311038, 0.22043890343471007, 0.22152344272895294]"
"[0.2026895572772299, 0.2021902515067279, 0.2023961920908258, 0.20164498311214163, 0.20105374942710794]","[0.2199019201777198, 0.2214784883640029, 0.2223722661083395, 0.22190014977346767, 0.21942778900265694]"
"[0.20123279612732323, 0.20062276085644412, 0.20019059766137284, 0.19970600949962203, 0.1999219927121647]","[0.22286793833429164, 0.22184847464615648, 0.22127886800603433, 0.2225227491422133, 0.22188266922127117]"
"[0.20083801882581476, 0.19996560665879756, 0.19964854749860453, 0.19941459185537141, 0.19875149376279005]","[0.2224516403268684, 0.2225181089883501, 0.22534556578506124, 0.22499632862481203, 0.22330760474909436]"
