train,val
"[0.38068261332468156, 0.2160226329477555, 0.21267577499971477, 0.21152137958128517, 0.21158097657041813, 0.21059589457074437, 0.20995043587247167, 0.20921164108525722, 0.20840818223056443, 0.20816138571282045]","[0.22866743803024292, 0.21754695204171268, 0.2171723937446421, 0.2169568254189058, 0.2167916785586964, 0.2166832685470581, 0.21669745174321262, 0.21674260768023404, 0.21700529212301428, 0.2173598517071117]"
"[0.2072606092199273, 0.20676883152865488, 0.20605343976698884, 0.20568683196645265, 0.20558796590621317, 0.20496899778142982, 0.20482966748126055, 0.2053344627039148, 0.20505325455184376, 0.20418028711178982]","[0.21764595400203357, 0.21826615658673373, 0.21902215480804443, 0.2196174223314632, 0.22022106566212393, 0.22049784795804458, 0.22085833820429715, 0.22112596441398968, 0.22121366316621954, 0.22126281532374295]"
"[0.20472959709276847, 0.20446719256562923, 0.20445820142369753, 0.20414416970462973, 0.20421401691546134, 0.20438515702518847, 0.20384231018363883, 0.20384323173159852, 0.2042912259834622, 0.20393923239423595]","[0.2212411558086222, 0.22141949426044116, 0.22170048681172458, 0.2217514474283565, 0.22172311625697397, 0.22180183638225903, 0.22184762223200363, 0.22181360152634708, 0.22175556827675214, 0.2219317311590368]"
"[0.20392707660110718, 0.20400689337231698, 0.20359103176571908, 0.20372510530533047, 0.20361044469776504, 0.20347213649421658, 0.20358981834639103, 0.20303178694816904, 0.20359988770353685, 0.20328772922448063]","[0.2218279797922481, 0.22180932082913138, 0.22181712632829492, 0.22216864743015982, 0.22198838130994278, 0.22216290100054306, 0.22209539738568393, 0.22209138761867175, 0.2228174155408686, 0.2223982499404387]"
"[0.2031190008471865, 0.20362880033090575, 0.2033172585411903, 0.2029718096376559, 0.20353880975771388, 0.20304627279076007, 0.20287978040789245, 0.20292021375183666, 0.20290233044449343, 0.2028170602584104]","[0.2221367508172989, 0.2221267819404602, 0.22229915044524454, 0.22260371121493253, 0.22243539718064395, 0.22250002758069473, 0.2225639820098877, 0.22276476431976666, 0.2227089120583101, 0.2226143628358841]"
