train,val
"[0.2002224165009209, 0.19936112767744404, 0.19894206727300684, 0.19893512599063554, 0.19812518537257834]","[0.22724709131500936, 0.22570881362665784, 0.223221709782427, 0.22417816262353552, 0.22367325445467776]"
"[0.19905899526029522, 0.1987543543438848, 0.19831561432781883, 0.19814024267600114, 0.19787610466982444]","[0.22384591021321038, 0.22476565045389263, 0.22468431476842274, 0.2255417404527014, 0.22729339267719875]"
