train,val
"[0.23322300604546484, 0.20711742129732982, 0.20534213323047068, 0.20506758223038266, 0.20402645838498337]","[0.21513671258633787, 0.21827793669971554, 0.21823962540789085, 0.2195237919688225, 0.21888682462952352]"
"[0.20379270588053516, 0.2038901725856317, 0.20340557266902826, 0.20311243936480433, 0.20254892741609937]","[0.21915254511616447, 0.22078252895311876, 0.21954182880845938, 0.22043890370564026, 0.2215234416452321]"
"[0.20268955710201175, 0.20219025104963706, 0.20239619159564406, 0.20164498233508724, 0.20105374993752603]","[0.21990191902626643, 0.2214784861965613, 0.22237226516008377, 0.2219001516699791, 0.21942778798666868]"
"[0.20123279518266884, 0.20062276005653515, 0.20019059768422737, 0.19970600928631296, 0.1999219932225828]","[0.22286793643778022, 0.22184847681359812, 0.2212788696993481, 0.2225227494131435, 0.22188267050818963]"
"[0.20083801903912382, 0.1999656073977611, 0.19964854656918649, 0.19941459286097124, 0.19875149489789898]","[0.22245163958181036, 0.22251810919154774, 0.22534556605599143, 0.22499632760882377, 0.22330760630694302]"
