train,val
"[0.23303936805065667, 0.20849273926702258, 0.20772847613978726, 0.20685387078238412, 0.20609766436866456]","[0.21595200049606236, 0.21804750195958397, 0.21942755342884498, 0.2193089220334183, 0.22036341801285744]"
"[0.20624231729953568, 0.20568087062434673, 0.2051862338919703, 0.2047849911320307, 0.20495723046225273]","[0.22042482617226514, 0.21964348283681004, 0.21998543400656093, 0.22228874564170836, 0.2193116307258606]"
"[0.20538352707168564, 0.20424157480094088, 0.20425134195597625, 0.2032423040435358, 0.20321182274318667]","[0.22183143347501755, 0.22361431819471447, 0.2207165918566964, 0.22231999202208086, 0.2239135207100348]"
"[0.20321848491827646, 0.2034277294844328, 0.20239374441511793, 0.20203394727716661, 0.20210017579281989]","[0.22210820655931127, 0.22090376690030097, 0.22221205627376384, 0.22229246442968195, 0.22072315588593483]"
"[0.2027190693164652, 0.20184544780137348, 0.2014230712867344, 0.20135812612977982, 0.20099587163341315]","[0.22349667041139168, 0.2245835670693354, 0.22413884848356247, 0.22566976533694702, 0.225928202948787]"
