train,val
"[0.2020887282880781, 0.20093129483834365, 0.20122560535715645, 0.20055832399973353, 0.20012872494711467]","[0.22363878386941824, 0.22405804625966333, 0.22396196641705252, 0.22486116005615756, 0.2251235431568189]"
"[0.2013287913656064, 0.20057519755358588, 0.2001994161243819, 0.19981093639945935, 0.20019307277776713]","[0.22698777426372874, 0.22619743557138877, 0.22318418459458786, 0.22731206288391895, 0.22348038737069476]"
