train,val
"[0.38383479088271427, 0.2179048282837649, 0.21523603742275763, 0.21462087387885523, 0.21345914859290516, 0.21280766818501534, 0.21187328048255466, 0.2110521723644449, 0.21074728626723682, 0.20988401319455663]","[0.2296560907905752, 0.21800725162029266, 0.21757920492779126, 0.21737656403671612, 0.21719143201004376, 0.2170809507369995, 0.217082603411241, 0.2171794961799275, 0.21747863699089398, 0.2179348414594477]"
"[0.20916445020141952, 0.20866739052698152, 0.20794552810695194, 0.20744741605509312, 0.20698037511164988, 0.20688629041024303, 0.20698490820893453, 0.2067303597380262, 0.20600159944744284, 0.20623539907669802]","[0.21803803606466812, 0.21873725815252823, 0.2195030762390657, 0.22019979222254318, 0.22079249945553867, 0.22111112014813858, 0.22141360423781656, 0.22159222039309415, 0.22177465666424145, 0.2218784378333525]"
"[0.20646249113279744, 0.20619861672230816, 0.20608689943584826, 0.20608438961549636, 0.20659272153989985, 0.20553852084579818, 0.20563073100846843, 0.20575035520649831, 0.20575017516219288, 0.2055508123898725]","[0.22151801531965082, 0.2219285639849576, 0.22203421592712402, 0.22218562933531674, 0.2224753661589189, 0.2225323265249079, 0.22230728241530331, 0.2222245308485898, 0.22208236022429031, 0.2223206568848003]"
"[0.20524377492042856, 0.2055009699195897, 0.205744034516702, 0.20512424313693967, 0.20554032265593153, 0.20487689042310103, 0.20532718041074385, 0.20501531318787042, 0.20490648809376114, 0.20495522295663116]","[0.22222839837724512, 0.2224748649380424, 0.22317252646793018, 0.22239342060956088, 0.2223670089786703, 0.22251146896318955, 0.22264966775070538, 0.2226326126943935, 0.22261947528882461, 0.2225755832412026]"
"[0.20532409628050044, 0.2049369228268982, 0.2051068819170698, 0.20465576443650307, 0.20501147798441965, 0.20451755958412765, 0.20483246705400834, 0.20481825414874139, 0.20482022554502574, 0.204825012919006]","[0.2225507308136333, 0.22251034595749594, 0.22281404923308978, 0.22301139343868603, 0.22397578710859473, 0.22286995568058707, 0.22309748963876205, 0.22286846014586362, 0.22326444631273096, 0.22313709286126224]"
