train,val
"[0.23303936805065667, 0.20849273926702258, 0.20772847613978726, 0.20685387078238412, 0.20609766436866456]","[0.21595200049606236, 0.21804750195958397, 0.21942755342884498, 0.2193089220334183, 0.22036341801285744]"
"[0.2062423172385902, 0.2056808707919467, 0.20518623414337026, 0.2047849918329033, 0.2049572308660163]","[0.22042482481761413, 0.21964348263361239, 0.219985432787375, 0.22228874604810367, 0.21931162991307]"
"[0.20538352656888573, 0.204241572401214, 0.20425134281683066, 0.20324230283986328, 0.2032118225755867]","[0.2218314317139712, 0.22361431738192386, 0.22071659138256852, 0.22231999303806912, 0.2239135205745697]"
"[0.20321848433929474, 0.20342772986534183, 0.2023937438361362, 0.202033946492494, 0.20210017564045626]","[0.22210820696570657, 0.22090376581658017, 0.22221205708655445, 0.22229246104305442, 0.22072315514087676]"
"[0.20271906844037443, 0.20184544903551874, 0.20142307124864348, 0.2013581259926526, 0.2009958712144132]","[0.2234966702759266, 0.2245835670693354, 0.22413884672251613, 0.22566976533694702, 0.2259282034906474]"
