train,val
"[0.2033540761909602, 0.2019178829249185, 0.20185629011023265, 0.20120648108041847, 0.20082298592342435]","[0.23738574236631393, 0.23661717650565234, 0.23606404865329916, 0.23440494496713984, 0.237490030716766]"
"[0.20237378313649895, 0.20160523111834847, 0.20138581062844194, 0.20095542924962403, 0.20074037780151047]","[0.2353801583701914, 0.23666768317872827, 0.2370566807009957, 0.2381119274280288, 0.23713161024180326]"
