train,val
"[0.38340714396139897, 0.2204410284757614, 0.2172129586202289, 0.21666270986609504, 0.21597843637707037, 0.21549082308187398, 0.21463145602733716, 0.21364539642946437, 0.21271605174475855, 0.21227356121627564]","[0.2364560975269838, 0.22663677822459827, 0.2263777256011963, 0.2261317561973225, 0.22594490511850876, 0.22584317760034042, 0.2258386639031497, 0.22606348178603433, 0.22632597928697412, 0.2268063263459639]"
"[0.21191713186579014, 0.21101457605121332, 0.21071901548346247, 0.20999265701398936, 0.20930692881619165, 0.2092896755955635, 0.20915070353844845, 0.20875630780644372, 0.20864948726028476, 0.20872541264109656]","[0.22684587131847034, 0.22758145901289853, 0.22844781929796393, 0.22906521369110455, 0.22966049476103348, 0.230156962167133, 0.2304612547159195, 0.23053407939997586, 0.2308812832290476, 0.23082552985711532]"
"[0.208908510590912, 0.20895292357020423, 0.20857906368894313, 0.20859363340183135, 0.20809083261074277, 0.20798782505300067, 0.20859292710046157, 0.20772752452880963, 0.20807792123304594, 0.20808363863087576]","[0.2305787354707718, 0.23068551583723587, 0.23103934120048175, 0.23101446980779822, 0.2312723303383047, 0.23131984336809677, 0.23146274821324783, 0.23149144378575412, 0.23166952485387976, 0.23149484937841242]"
"[0.20845442190082794, 0.20796740889002424, 0.20801646091522427, 0.20758841261951202, 0.20779900826992245, 0.20743538042820922, 0.20743205049716004, 0.20755950607564472, 0.20801985127116562, 0.2074724208871159]","[0.23135488006201657, 0.2316171648827466, 0.23164528608322144, 0.2317645400762558, 0.2315445081754164, 0.23166177489540793, 0.23193985088305039, 0.23163717172362588, 0.2320754351941022, 0.23223331841555508]"
"[0.20733365279818894, 0.20751516336421355, 0.2073822340013784, 0.20698986195643013, 0.2077670064541178, 0.20694352002865676, 0.20720152092089347, 0.20669329904635017, 0.20705516007515268, 0.20680522235161666]","[0.2317481298338283, 0.2318630489436063, 0.23177574439482254, 0.2322030555118214, 0.23209096626801926, 0.23195531422441656, 0.2324551912871274, 0.23249308223074133, 0.23244791816581378, 0.2325461059808731]"
