train,val
"[0.23671505997121212, 0.21032644953037818, 0.2089658444842556, 0.20799711207975397, 0.20749068594630998]","[0.22714657607403668, 0.22883884757757186, 0.22919550321318888, 0.22951757203448903, 0.23028628948059948]"
"[0.20799344352966437, 0.20741738412521613, 0.20728879501178465, 0.20686171260988054, 0.20635645360455435]","[0.22951398410580376, 0.22990918267856944, 0.23023478470065378, 0.23116811920296063, 0.23074535470117222]"
"[0.20693393637462384, 0.20557898607539252, 0.20568363806556583, 0.2056999182088609, 0.20486740529506728]","[0.2318526262586767, 0.23322709460150112, 0.2303195212375034, 0.230463921752843, 0.23307737613266163]"
"[0.2053372854850653, 0.20424391817613857, 0.20399501893844585, 0.203094840697289, 0.20314881414296926]","[0.23246981488032775, 0.23489267026836222, 0.23452060263265262, 0.23393547304651954, 0.23383865654468536]"
"[0.20385845590588506, 0.20314478278464823, 0.20253949487440912, 0.2023135564977528, 0.2021716141840919]","[0.23098373453725468, 0.23253569115291942, 0.23508719287135385, 0.23398576378822328, 0.23282068981365725]"
