train,val
"[0.23671505997121212, 0.21032644953037818, 0.2089658444842556, 0.20799711207975397, 0.20749068594630998]","[0.22714657607403668, 0.22883884757757186, 0.22919550321318888, 0.22951757203448903, 0.23028628948059948]"
"[0.20799344335444622, 0.2074173840947434, 0.20728879458516652, 0.20686171292984412, 0.2063564537416816]","[0.22951398586685007, 0.22990918281403455, 0.23023478429425848, 0.23116812001575124, 0.23074535795233467]"
"[0.20693393632891477, 0.20557898680673786, 0.20568363869787482, 0.20569991604529764, 0.2048674049370128]","[0.23185262409123508, 0.2332270951433615, 0.23031951717355034, 0.23046392337842422, 0.23307737748731266]"
"[0.20533728485275632, 0.20424391779522955, 0.20399501861086408, 0.203094841245798, 0.2031488151409509]","[0.23246981528672306, 0.23489267270673406, 0.23452060290358284, 0.23393547331744974, 0.23383865437724374]"
"[0.20385845418417625, 0.20314478256372098, 0.2025394948820273, 0.20231355735098902, 0.2021716139936374]","[0.2309837357564406, 0.23253569061105903, 0.23508719192309813, 0.23398576500740917, 0.23282069387761029]"
