train,val
"[0.24158963036165404, 0.21637248215865504, 0.21474123697400338, 0.21360265055256145, 0.21333191744937488]","[0.2126212342218919, 0.21533447246659887, 0.2160480334000154, 0.21543518318371338, 0.21577362282709642]"
"[0.21355996581826717, 0.21299787334229317, 0.21251675149079238, 0.21326979920115696, 0.21194761359953684]","[0.21827105378562753, 0.2162634016437964, 0.2164445329796184, 0.21626291505315087, 0.2169307826594873]"
"[0.21203977499606663, 0.21155304220221283, 0.2113448051404368, 0.21142523583398032, 0.21063432832589424]","[0.21762025559490378, 0.2169793203473091, 0.21675147563219072, 0.2188109120184725, 0.21823417083783583]"
"[0.2111651818201342, 0.21075049898985218, 0.20979412629103367, 0.2094041006392009, 0.20909417523471124]","[0.2173824902285229, 0.2180669135668061, 0.217504713752053, 0.21748064173893494, 0.21948112872513859]"
"[0.2097895297018053, 0.209308831329726, 0.2088343130390337, 0.20839849237832556, 0.20809272706417217]","[0.2181839640844952, 0.22034582427956842, 0.21749578362161462, 0.2210991844534874, 0.22149691134691238]"
