train,val
"[0.24158963036165404, 0.21637248215865504, 0.21474123697400338, 0.21360265055256145, 0.21333191744937488]","[0.2126212342218919, 0.21533447246659887, 0.2160480334000154, 0.21543518318371338, 0.21577362282709642]"
"[0.21355996515548545, 0.21299787184912977, 0.2125167513993742, 0.21326979863741158, 0.21194761348526414]","[0.21827105432748795, 0.2162634015083313, 0.2164445308121768, 0.2162629162723368, 0.2169307845559987]"
"[0.21203977463039397, 0.21155304152419474, 0.21134480456907326, 0.21142523514834405, 0.2106343273964762]","[0.21762025654315947, 0.21697932197289033, 0.21675147644498133, 0.21881091039289127, 0.2182341673157432]"
"[0.21116518143922516, 0.21075049918792488, 0.2097941249883248, 0.20940410070014634, 0.20909417645362013]","[0.2173824895511974, 0.21806691167029468, 0.21750471713868055, 0.21748064119707455, 0.21948113075711512]"
"[0.2097895316215868, 0.20930883128401692, 0.20883431255908833, 0.20839849321632542, 0.2080927274450812]","[0.21818396164612336, 0.22034582536328923, 0.2174957832152193, 0.221099185266278, 0.22149691012772646]"
