train,val
"[0.20970238873197988, 0.20843150146716943, 0.20812436740213133, 0.2073071313096336, 0.20721813007153128]","[0.22266843454404311, 0.22059505581855773, 0.22041690173474224, 0.22099274600094015, 0.21988419619473545]"
"[0.2085319222969999, 0.20774158318136612, 0.20728689350629634, 0.20817943571748665, 0.20677817698210052]","[0.22169954749670895, 0.22008845833214846, 0.22189562821930106, 0.22034943157976325, 0.22019917328249325]"
