train,val
"[0.38059567584903964, 0.21522941925656905, 0.21173896743070095, 0.21065828169977993, 0.21080810146047435, 0.21014988661632625, 0.20906767009868535, 0.20835520053675416, 0.2076363469209146, 0.20690890121350594]","[0.21350557153875177, 0.19880931214852768, 0.1979634721170772, 0.19775026901201767, 0.19751311161301352, 0.19743204387751492, 0.19735482064160434, 0.19732144474983215, 0.19741553339091214, 0.19770028509876944]"
"[0.20610979090043163, 0.2055744575251133, 0.20490359644824213, 0.2047681831712023, 0.20420988703813028, 0.20404951711860272, 0.2038293033838272, 0.20372693801144942, 0.2034221731741494, 0.20358889816551035]","[0.1981640268455852, 0.19899156147783453, 0.1999645856293765, 0.2000554312359203, 0.20015513761477036, 0.20069787041707474, 0.2012206952680241, 0.20090469853444534, 0.2009702812541615, 0.20113981582901694]"
"[0.20356492315410474, 0.20358658903235688, 0.20349553705902274, 0.2032090903968986, 0.20324758296712822, 0.20312651663745215, 0.20281726026206937, 0.20257975338795864, 0.20297547299927526, 0.20265266832408554]","[0.20084561543031174, 0.20128393986008383, 0.20155699280175296, 0.2013546106490222, 0.2012269456278194, 0.20145352049307388, 0.20162172615528107, 0.20158863338557156, 0.2021290592171929, 0.2017491175369783]"
"[0.20303634670349435, 0.20329173305712708, 0.20260326632665931, 0.20267178514681825, 0.20245141693211477, 0.20248747309413526, 0.20248085725198098, 0.2018961978888293, 0.2022763668397151, 0.2022558243586383]","[0.20163185488093982, 0.20172829113223337, 0.20144660770893097, 0.2017137042500756, 0.20166282084855167, 0.20221280509775336, 0.2026755769144405, 0.20173350247469815, 0.20203324339606546, 0.20258526639504867]"
"[0.20233297518907337, 0.20237456836284848, 0.2026453541779737, 0.20194325288501355, 0.2020957910823166, 0.20193534768229232, 0.20168446988687602, 0.20170022697623716, 0.20177889478589417, 0.20165513127768805]","[0.20173840360207992, 0.20205613564361224, 0.2026299929076975, 0.20186116207729687, 0.2031116932630539, 0.2022061293775385, 0.2027952169830149, 0.2024292363361879, 0.2022646408189427, 0.20280725034800443]"
