train,val
"[0.2008204140942277, 0.19935298692016026, 0.1989145225679582, 0.19838905720714411, 0.1988643699674153]","[0.2090643325312571, 0.20791110450571235, 0.2083934408697215, 0.20936219570311634, 0.2072921149432659]"
"[0.199463035926558, 0.19903528035936424, 0.19826762114626742, 0.19848103940121234, 0.19842561265807943]","[0.2088344126262448, 0.2103718633001501, 0.20965852100740778, 0.20922112918712876, 0.20762442343614318]"
