train,val
"[0.23293504051117567, 0.20806201290651577, 0.206242888731642, 0.20539917907313823, 0.20553111792342063]","[0.2003697668286887, 0.20134832147847523, 0.20204703983935443, 0.20402732891115274, 0.20279510969465428]"
"[0.2050649361163073, 0.2048595579520081, 0.20414345835645994, 0.20407561976881602, 0.20398406749915005]","[0.20323963781649415, 0.20347277210517364, 0.20699907636100595, 0.20592202842235566, 0.20348226590590043]"
"[0.2041510054136956, 0.2034182697610743, 0.20272891774986906, 0.20276973877246882, 0.20190661410460198]","[0.20316494906490498, 0.2050612961026755, 0.20716132006861948, 0.20551815432581036, 0.20536543415351347]"
"[0.20239883020581156, 0.2019173673950212, 0.20106078834408145, 0.20110715817515348, 0.20006696767876483]","[0.20540849376808512, 0.20667155059901152, 0.20816545987671073, 0.20637160011313177, 0.20828644518147815]"
"[0.20111607692389158, 0.20069115279825187, 0.19972818797351394, 0.19966028087557217, 0.1992565776947086]","[0.20589825429699637, 0.2068254344165325, 0.20762030285867777, 0.2073684712702578, 0.20787026231939143]"
