train,val
"[0.23293504051117567, 0.20806201290651577, 0.206242888731642, 0.20539917907313823, 0.20553111792342063]","[0.2003697668286887, 0.20134832147847523, 0.20204703983935443, 0.20402732891115274, 0.20279510969465428]"
"[0.2050649362762891, 0.20485955888904434, 0.20414345741180553, 0.20407561995165235, 0.2039840677810227]","[0.20323963808742437, 0.2034727735275572, 0.20699907636100595, 0.20592202977700666, 0.20348226590590043]"
"[0.20415100568795008, 0.20341827013436514, 0.20272891794794176, 0.20276973862010522, 0.20190661282474764]","[0.20316495021635836, 0.20506129630587316, 0.20716132020408456, 0.20551815622232178, 0.20536543239246716]"
"[0.20239883009915702, 0.20191736798923926, 0.20106078759749973, 0.201107158198008, 0.20006696798349208]","[0.20540849376808512, 0.206671549921686, 0.2081654596057805, 0.20637159990993412, 0.20828644640066407]"
"[0.20111607744192783, 0.2006911519297793, 0.19972818830109568, 0.1996602812869539, 0.1992565767576724]","[0.2058982555161823, 0.20682543428106742, 0.20762030502611942, 0.2073684693060138, 0.20787026448683305]"
