train,val
"[0.23555311439501728, 0.20970391239094832, 0.20798112099308422, 0.2076533227960878, 0.20650346654111135]","[0.20993971120227467, 0.2122685968875885, 0.21277134865522385, 0.21500451754439961, 0.21366696845401417]"
"[0.20694331074388725, 0.2062048531672584, 0.20578458822943682, 0.2055164629818228, 0.20491196641009035]","[0.21475036361000754, 0.2137497380375862, 0.2127747187560255, 0.21401967121796175, 0.2164156514135274]"
"[0.20542358079113843, 0.20474700600762066, 0.20467433599271415, 0.20406609753828595, 0.20415454066847974]","[0.2166345696557652, 0.2160699097947641, 0.2154237380081957, 0.2185815839604898, 0.21673169136047363]"
"[0.2041316696181741, 0.2037199530026786, 0.2034004914263884, 0.20286907820918565, 0.2026537569632072]","[0.21595954759554428, 0.2174183804880489, 0.21445819288492202, 0.21529621061953633, 0.21761312186717988]"
"[0.2030883341387737, 0.20263396031347033, 0.20223898157203124, 0.20225293287561716, 0.20221636633261095]","[0.2155076403509487, 0.21757045957175167, 0.2189933411099694, 0.21714909808202223, 0.21776273562149567]"
