train,val
"[0.23555311439501728, 0.20970391239094832, 0.20798112099308422, 0.2076533227960878, 0.20650346654111135]","[0.20993971120227467, 0.2122685968875885, 0.21277134865522385, 0.21500451754439961, 0.21366696845401417]"
"[0.20694331046201456, 0.20620485338056746, 0.2057845880008914, 0.20551646373602267, 0.20491196724047203]","[0.21475036252628674, 0.2137497380375862, 0.21277471699497916, 0.21401967081156645, 0.21641565032980659]"
"[0.20542358216241094, 0.20474700635043877, 0.20467433558133238, 0.20406609694406785, 0.20415454098082514]","[0.21663456884297458, 0.2160699107430198, 0.2154237362471494, 0.2185815854506059, 0.21673168810931118]"
"[0.20413166955722867, 0.20371995277413318, 0.20340049231009738, 0.2028690778358948, 0.20265375723746168]","[0.21595955003391612, 0.21741837926886298, 0.21445819342678243, 0.2152962096712806, 0.21761311997066846]"
"[0.20308833427590095, 0.20263396053439756, 0.20223898125968584, 0.20225293307368986, 0.20221636644688365]","[0.21550764319571583, 0.21757045699791475, 0.2189933416518298, 0.21714909862388265, 0.21776273670521648]"
