train,val
"[0.2031093263933873, 0.2022695976989401, 0.20173124436494763, 0.20193556313743866, 0.2008838077172911]","[0.21716889481652868, 0.21670757234096527, 0.21857402988455513, 0.21831166405569424, 0.21819156597961079]"
"[0.20257395767970562, 0.20153174594288467, 0.2012755748852021, 0.2011882337095913, 0.200591626586602]","[0.21810850013386118, 0.219000813906843, 0.21619383665648373, 0.2183166270906275, 0.22032484059984034]"
