train,val
"[0.38315713788391254, 0.21854894833827238, 0.21502587732371933, 0.21440751481493678, 0.2135784952738963, 0.21316041694868595, 0.2119568512527221, 0.210990184217418, 0.21068520283480302, 0.20931727828782634]","[0.22011562098156323, 0.20750886066393417, 0.20683833956718445, 0.20656460388140244, 0.20645520903847434, 0.20633506368507037, 0.20634634386409412, 0.206462331793525, 0.20659924095327203, 0.20720959522507407]"
"[0.2094935029745102, 0.20840251883235547, 0.20730002497861144, 0.20685030055155448, 0.20655999407855744, 0.2062296972635689, 0.2057604666696776, 0.20568518887419218, 0.2056057861912141, 0.2055619449243633]","[0.20730535144155676, 0.20833846655758945, 0.20873961259018292, 0.20955910736864264, 0.2099945220080289, 0.21050530672073364, 0.21060047095472162, 0.21103442934426395, 0.21137978542934766, 0.2111794582822106]"
"[0.20579049920817033, 0.20583439037340498, 0.20569935864811645, 0.20535661362179922, 0.20527455046636248, 0.20496198986101588, 0.2048817138879671, 0.2047550406204451, 0.20471549690316576, 0.20448398426038408]","[0.21074214442209763, 0.21102774956009604, 0.21128757704388013, 0.21145402843301947, 0.21216994524002075, 0.2124722342599522, 0.21193539689887653, 0.21154491332444278, 0.211746714331887, 0.21150157261978497]"
"[0.2050940208478805, 0.20521559819169, 0.20466415891680148, 0.2041571095859239, 0.20424408404105301, 0.2044804427055044, 0.2042600915792885, 0.20417265922104547, 0.20423914259726847, 0.20445221238726868]","[0.21146205744960092, 0.21148265220902182, 0.2115186466412111, 0.21157340840859848, 0.21176309477199207, 0.21201145242560993, 0.2121251022273844, 0.2117549479007721, 0.21213996545834976, 0.2125946202061393]"
"[0.20429913063935184, 0.20402458993666764, 0.20412439928142304, 0.20411426840572183, 0.20386015234190388, 0.2038765042473417, 0.2041652324276233, 0.20407634043912276, 0.20363854090554998, 0.2034678705241702]","[0.2116329250010577, 0.21169281683184885, 0.21244110031561417, 0.21193937686356631, 0.2126682929017327, 0.21241406960920853, 0.21212746744806116, 0.2123317217284983, 0.212340079925277, 0.21378326280550522]"
